country_code,country_name,flag_path,aspect_ratio,dominant_colors
ad,Andorra,/kaggle/input/flags-codes/ad.jpg,1.4285714285714286,"[[241.09865822 207.34330754  20.35581989]
 [211.73422469   4.94134192  49.46298712]
 [ 16.01120252   6.01190268 158.9942237 ]]"
ae,United Arab Emirates,/kaggle/input/flags-codes/ae.jpg,2.0,"[[1.56745728e-11 5.75000000e+01 2.35000000e+01]
 [2.51870370e+02 2.52574074e+02 2.52148148e+02]
 [2.55000000e+02 5.58486590e-12 3.96482847e-12]]"
af,Afghanistan,/kaggle/input/flags-codes/af.jpg,1.5023474178403755,"[[  2.02537942  61.9146539   28.24273552]
 [212.55786454  39.51981502  24.99098519]
 [223.06430663 194.76951484 186.63784541]]"
ag,Antigua and Barbuda,/kaggle/input/flags-codes/ag.jpg,1.5023474178403755,"[[7.59451930e-01 3.92859173e-01 8.77821366e-02]
 [2.09717497e+02 3.58497506e+01 3.65193551e+01]
 [1.05354269e+02 1.71518700e+02 2.20236942e+02]]"
ai,Anguilla,/kaggle/input/flags-codes/ai.jpg,2.0,"[[245.20269134 246.72708158 248.23703392]
 [  1.8418048   33.70565899 105.37156624]
 [208.92957986  45.97465555  41.95492431]]"
al,Albania,/kaggle/input/flags-codes/al.jpg,1.3973799126637554,"[[254.80387607   0.           0.        ]
 [  2.80686845   0.           0.        ]
 [144.20568928   0.           0.        ]]"
am,Armenia,/kaggle/input/flags-codes/am.jpg,2.0,"[[ 2.17000000e+02 -1.16813226e-11  1.80000000e+01]
 [ 2.14814815e+00  5.12962963e+01  1.58592593e+02]
 [ 2.42000000e+02  1.68000000e+02 -5.60618219e-12]]"
ao,Angola,/kaggle/input/flags-codes/ao.jpg,1.5023474178403755,"[[1.25573922e+00 2.90251815e-01 2.10350687e-01]
 [2.03854013e+02 9.36638497e+00 4.68507185e+01]
 [2.48838966e+02 1.95971173e+02 6.10006627e-01]]"
ar,Argentina,/kaggle/input/flags-codes/ar.jpg,1.6,"[[116.69402985 172.41791045 223.1641791 ]
 [254.62635683 254.33384294 254.12220354]
 [210.03206413 149.16766867  50.35203741]]"
at,Austria,/kaggle/input/flags-codes/at.jpg,1.5023474178403755,"[[200.  16.  46.]
 [255. 255. 255.]
 [255. 255. 255.]]"
au,Australia,/kaggle/input/flags-codes/au.jpg,2.0,"[[249.77861808 248.6033001  250.33963561]
 [  2.15790901  34.02156553 105.69640657]
 [228.36356073   3.42928453  45.80698835]]"
aw,Aruba,/kaggle/input/flags-codes/aw.jpg,1.5023474178403755,"[[251.8145101  195.39017701   7.57591623]
 [ 65.33616648 143.13774495 221.71732605]
 [211.97380952 209.95714286 188.42261905]]"
ax,Åland Islands,/kaggle/input/flags-codes/ax.jpg,1.5311004784688995,"[[253.88071571 210.3389662    0.74701789]
 [  0.86486486 100.37837838 172.41891892]
 [218.66968254  17.56190476  20.57301587]]"
az,Azerbaijan,/kaggle/input/flags-codes/az.jpg,2.0,"[[ 10.61739278 184.04650506 227.17466237]
 [ 80.         158.          47.        ]
 [236.55818171  53.92975881  66.25726894]]"
bb,Barbados,/kaggle/input/flags-codes/bb.jpg,1.5023474178403755,"[[253.41515454 197.75558325  37.74461615]
 [  0.79439252  38.4953271  126.71028037]
 [  3.65369341   2.8522637    0.49880858]]"
bd,Bangladesh,/kaggle/input/flags-codes/bd.jpg,1.6666666666666667,"[[1.33605240e-01 1.05963519e+02 7.79914720e+01]
 [2.44000000e+02 4.20000000e+01 6.50000000e+01]
 [1.69781726e+02 6.07868020e+01 6.81573604e+01]]"
bf,Burkina Faso,/kaggle/input/flags-codes/bf.jpg,1.5023474178403755,"[[238.02870828  34.37760574  34.18701048]
 [  1.37217127 152.45369819  67.81247022]
 [253.39347826 219.89347826   0.50434783]]"
bg,Bulgaria,/kaggle/input/flags-codes/bg.jpg,1.6666666666666667,"[[2.14000000e+02 3.80000000e+01 1.80000000e+01]
 [2.55000000e+02 2.55000000e+02 2.55000000e+02]
 [1.65982783e-11 1.50000000e+02 1.10000000e+02]]"
bh,Bahrain,/kaggle/input/flags-codes/bh.jpg,1.6666666666666667,"[[254.96868392 254.79236733 254.77832041]
 [218.01721387  41.09148494  28.09873797]
 [236.72685185 146.50925926 140.15277778]]"
bj,Benin,/kaggle/input/flags-codes/bj.jpg,1.5023474178403755,"[[-2.20836682e-11  1.35000000e+02  8.10000000e+01]
 [ 2.32084112e+02  1.78971963e+01  4.48878505e+01]
 [ 2.52000000e+02  2.09000000e+02  2.20000000e+01]]"
bl,Saint Barthélemy,/kaggle/input/flags-codes/bl.jpg,1.5023474178403755,"[[250.9493949  250.24598771 248.66419661]
 [201.42415499 126.28122424  45.5719291 ]
 [ 30.54782975  83.12031184 160.02528445]]"
bm,Bermuda,/kaggle/input/flags-codes/bm.jpg,2.0,"[[243.19692027 244.6464831  244.87276524]
 [198.91598478  18.38205556  46.27437849]
 [ 26.34940926  62.93550261  95.51423591]]"
bn,Brunei Darussalam,/kaggle/input/flags-codes/bn.jpg,2.0,"[[254.20156856 252.96871901 252.37176598]
 [246.05429864 220.72559543  24.09688169]
 [ 45.86971892   5.30867391   9.05207794]]"
bo,"Bolivia, Plurinational State of",/kaggle/input/flags-codes/bo.jpg,1.4678899082568808,"[[210.20104043  33.08630648  17.67984271]
 [  3.12180851 112.14439444  47.0007365 ]
 [236.92610131 226.06280193  61.50834649]]"
br,Brazil,/kaggle/input/flags-codes/br.jpg,1.4285714285714286,"[[  0.97768128 155.20056554  58.33803272]
 [250.71298507 223.22679104  13.76858209]
 [  2.67730901  41.18061574 118.80877993]]"
bs,Bahamas,/kaggle/input/flags-codes/bs.jpg,2.0,"[[-2.85638180e-12  1.18927681e+02  1.38915215e+02]
 [ 2.52057670e+02  1.97931122e+02  4.49254271e+01]
 [ 2.72006487e-01  5.46265429e-01  4.58780070e-01]]"
bt,Bhutan,/kaggle/input/flags-codes/bt.jpg,1.5023474178403755,"[[254.22452974 204.5058886    1.19881896]
 [237.66360424 235.75386169 233.65683998]
 [253.80268213 103.48890154  32.16523193]]"
bw,Botswana,/kaggle/input/flags-codes/bw.jpg,1.5023474178403755,"[[ 1.10234568e+02  1.69407407e+02  2.09839506e+02]
 [ 1.62003744e-12  0.00000000e+00 -1.11128884e-11]
 [ 2.55000000e+02  2.55000000e+02  2.55000000e+02]]"
by,Belarus,/kaggle/input/flags-codes/by.jpg,2.0,"[[2.05850621e+02 2.44705024e+01 3.32461062e+01]
 [2.05013668e-01 1.24034602e+02 4.81052737e+01]
 [2.50263158e+02 2.32084287e+02 2.32985507e+02]]"
bz,Belize,/kaggle/input/flags-codes/bz.jpg,1.6666666666666667,"[[212.08882412  21.21346936  27.8969855 ]
 [ 26.00763872  27.94979582 143.57876531]
 [229.82356415 232.89723904 222.81042374]]"
ca,Canada,/kaggle/input/flags-codes/ca.jpg,2.0,"[[2.55000000e+02 2.54740476e+02 2.54740476e+02]
 [2.55000000e+02 1.35864044e-01 1.35864044e-01]
 [2.55000000e+02 1.20225564e+02 1.20225564e+02]]"
cd,"Congo, the Democratic Republic of the",/kaggle/input/flags-codes/cd.jpg,1.3333333333333333,"[[  0.36086145 127.12826349 254.66133613]
 [206.14341744  16.70048372  32.94927441]
 [242.78485149 210.27732673  27.52178218]]"
cf,Central African Republic,/kaggle/input/flags-codes/cf.jpg,1.5023474178403755,"[[ 21.80233986 100.72040875  83.68848848]
 [235.17531224 123.76530534  22.91632825]
 [251.81481481 253.07407407 252.42592593]]"
cg,Republic of the Congo,/kaggle/input/flags-codes/cg.jpg,1.5023474178403755,"[[  0.79439252 149.22429907  67.00934579]
 [218.12268001  26.71291299  53.06011145]
 [250.96137833 221.96137833  73.99034458]]"
ci,Côte d'Ivoire,/kaggle/input/flags-codes/ci.jpg,1.5023474178403755,"[[255.         255.         255.        ]
 [  0.79439252 158.29906542  96.4953271 ]
 [247.02803738 127.40186916   0.80373832]]"
ck,Cook Islands,/kaggle/input/flags-codes/ck.jpg,2.0,"[[248.13824057 247.64392579 249.69225015]
 [  2.74196635  34.52561197 106.02966657]
 [200.77953411  19.22296173  48.80698835]]"
cl,Chile,/kaggle/input/flags-codes/cl.jpg,1.5023474178403755,"[[254.75460805 254.80840782 254.91297096]
 [214.79316589  43.67193341  31.89675818]
 [  1.1549777   57.89570086 166.39498909]]"
cm,Cameroon,/kaggle/input/flags-codes/cm.jpg,1.5023474178403755,"[[206.06104758  17.25009222  37.97385651]
 [  0.64485981 121.6635514   93.81308411]
 [251.83353744 208.26928761  22.0321777 ]]"
cn,China (People's Republic of China),/kaggle/input/flags-codes/cn.jpg,1.5023474178403755,"[[238.00375158  28.05048816  36.99053818]
 [254.86313032 252.35363458   0.36607728]
 [246.70114943 138.81992337  18.23371648]]"
co,Colombia,/kaggle/input/flags-codes/co.jpg,1.5023474178403755,"[[2.55000000e+02 2.05000000e+02 9.35784783e-12]
 [9.43396226e-01 4.78490566e+01 1.34566038e+02]
 [1.98648148e+02 1.80370370e+01 4.64074074e+01]]"
cr,Costa Rica,/kaggle/input/flags-codes/cr.jpg,1.6666666666666667,"[[  0.81645539  21.68538627 136.51872758]
 [253.3070127  253.62649549 253.76932634]
 [216.80067011  43.08807105  28.83183535]]"
cu,Cuba,/kaggle/input/flags-codes/cu.jpg,2.0,"[[2.54872510e+02 2.54410600e+02 2.54410600e+02]
 [1.15396953e-01 4.19856455e+01 1.42928308e+02]
 [2.02568363e+02 2.18450185e+01 2.21467275e+01]]"
cv,Cape Verde,/kaggle/input/flags-codes/cv.jpg,1.702127659574468,"[[1.35673281e-01 5.60845500e+01 1.46929214e+02]
 [2.54923701e+02 2.54567638e+02 2.52792330e+02]
 [2.10148304e+02 5.46283111e+01 3.78894888e+01]]"
cw,Curaçao,/kaggle/input/flags-codes/cw.jpg,1.5023474178403755,"[[1.52576826e-01 4.31255018e+01 1.27076049e+02]
 [2.44327546e+02 2.28512731e+02 2.19942130e+01]
 [2.47832482e+02 2.49014300e+02 2.51402451e+02]]"
cz,Czech Republic,/kaggle/input/flags-codes/cz.jpg,1.5023474178403755,"[[254.62599914 254.07591531 254.15389714]
 [214.77338877  20.05197505  26.11018711]
 [ 17.42426557  69.16915394 126.06415981]]"
de,Germany,/kaggle/input/flags-codes/de.jpg,1.6666666666666667,"[[ 2.55000000e+02  2.06000000e+02  0.00000000e+00]
 [-1.64845915e-12  1.07291953e-11  0.00000000e+00]
 [ 2.21000000e+02  4.09272616e-12  0.00000000e+00]]"
dj,Djibouti,/kaggle/input/flags-codes/dj.jpg,1.5023474178403755,"[[106.66008799 177.84926607 230.30118005]
 [ 25.36591857 167.63281033  43.0233565 ]
 [254.58444063 254.60555079 254.62494642]]"
dm,Dominica,/kaggle/input/flags-codes/dm.jpg,2.0,"[[  5.43380802  93.98476999  49.98279139]
 [251.13450292 249.40575798 253.04003599]
 [232.38115786 107.71736785  23.959487  ]]"
do,Dominican Republic,/kaggle/input/flags-codes/do.jpg,1.5023474178403755,"[[  1.76350154  47.03851699  97.81005149]
 [253.08852987 252.67904776 252.70662842]
 [205.68833278  18.04950866  38.67105263]]"
dz,Algeria,/kaggle/input/flags-codes/dz.jpg,1.5023474178403755,"[[1.59784617e-01 1.01932295e+02 5.09972918e+01]
 [2.54947742e+02 2.54710393e+02 2.54755916e+02]
 [2.08742273e+02 1.95329764e+01 5.43570212e+01]]"
ee,Estonia,/kaggle/input/flags-codes/ee.jpg,1.5686274509803921,"[[ 2.55000000e+02  2.55000000e+02  2.55000000e+02]
 [ 0.00000000e+00  0.00000000e+00 -1.92130756e-11]
 [ 0.00000000e+00  1.14000000e+02  2.06000000e+02]]"
eg,Egypt,/kaggle/input/flags-codes/eg.jpg,1.5023474178403755,"[[ 2.05663864e+02  2.18423131e+01  3.72825542e+01]
 [ 2.53711107e+02  2.52741262e+02  2.49624846e+02]
 [-9.18021215e-12  2.04778416e-11 -2.62474487e-11]]"
eh,Western Sahara,/kaggle/input/flags-codes/eh.jpg,2.0,"[[1.21793597e-01 6.09721615e+01 3.04965202e+01]
 [2.51270795e+02 2.51401865e+02 2.51025374e+02]
 [1.95765454e+02 1.78670539e+01 2.77520824e+01]]"
er,Eritrea,/kaggle/input/flags-codes/er.jpg,2.0,"[[228.01661931   4.56660639  43.30237665]
 [ 65.50625    142.55       221.43125   ]
 [ 96.80018453 178.77758007  42.28983788]]"
et,Ethiopia,/kaggle/input/flags-codes/et.jpg,2.0,"[[ 11.20127544 115.81370665  89.30580065]
 [217.90263745  18.02388138  26.07164414]
 [248.87844458 218.53184323  10.53536436]]"
fj,Fiji,/kaggle/input/flags-codes/fj.jpg,2.0,"[[250.14134097 246.31789084 247.15010108]
 [ 98.15669684 180.59347268 227.70382382]
 [129.73292199  37.73918026  65.0267078 ]]"
fk,Falkland Islands (Malvinas),/kaggle/input/flags-codes/fk.jpg,2.0,"[[238.64817727 235.37984274 232.0007148 ]
 [  4.72317422  38.80867032 111.98480594]
 [197.65300098  43.04083306  52.52836996]]"
fm,"Micronesia, Federated States of",/kaggle/input/flags-codes/fm.jpg,1.9047619047619047,"[[117.01314784 178.00739566 221.00328696]
 [251.44921552 253.07927333 254.20891825]
 [175.86425339 210.7239819  236.16742081]]"
fr,France,/kaggle/input/flags-codes/fr.jpg,1.5023474178403755,"[[255.         255.         255.        ]
 [  0.78504673  35.6728972  149.3271028 ]
 [237.05607477  41.6635514   57.61682243]]"
ga,Gabon,/kaggle/input/flags-codes/ga.jpg,1.3333333333333333,"[[2.08189022e-11 1.58000000e+02 9.60000000e+01]
 [2.52000000e+02 2.09000000e+02 2.20000000e+01]
 [5.80000000e+01 1.17000000e+02 1.96000000e+02]]"
gb,United Kingdom,/kaggle/input/flags-codes/gb.jpg,2.0,"[[251.34230683 250.52770894 251.67740482]
 [200.31354515  17.29598662  47.12876254]
 [  2.27075762  34.10819122 105.75426335]]"
gd,Grenada,/kaggle/input/flags-codes/gd.jpg,1.6666666666666667,"[[251.07971925 208.17976116  22.24141001]
 [  1.29325953 122.3723116   93.62134579]
 [205.95324935  18.31205759  37.96716657]]"
ge,Georgia,/kaggle/input/flags-codes/ge.jpg,1.5023474178403755,"[[255.         254.86142    254.86142   ]
 [255.           1.71176831   1.71176831]
 [255.         157.96965099 157.96965099]]"
gg,Guernsey,/kaggle/input/flags-codes/gg.jpg,1.5023474178403755,"[[254.9625     254.625      254.66875   ]
 [232.15542788  18.71051305  46.05775627]
 [248.62400139 216.68339701  22.39301841]]"
gh,Ghana,/kaggle/input/flags-codes/gh.jpg,1.5023474178403755,"[[2.05884769e+02 1.71945701e+01 3.79508852e+01]
 [2.24381264e-01 9.96334220e+01 5.85713234e+01]
 [2.51857770e+02 2.08880011e+02 2.19835815e+01]]"
gi,Gibraltar,/kaggle/input/flags-codes/gi.jpg,2.0,"[[254.45962867 254.45131693 254.44994963]
 [215.33153471   2.5         12.51857511]
 [ 59.13017032  22.98945661  16.30413625]]"
gl,Greenland,/kaggle/input/flags-codes/gl.jpg,1.5023474178403755,"[[200.02271249  16.09513811  46.08354528]
 [254.97758325 254.89155379 254.90693204]
 [227.09774436 134.37969925 149.53195489]]"
gm,Gambia,/kaggle/input/flags-codes/gm.jpg,1.5023474178403755,"[[206.          17.          38.        ]
 [ 39.6779661   82.75423729  79.83050847]
 [249.91666667 250.25       252.58333333]]"
gn,Guinea,/kaggle/input/flags-codes/gn.jpg,1.5023474178403755,"[[252.         209.          22.        ]
 [  0.78504673 148.18691589  95.76635514]
 [206.14018692  17.60747664  37.94392523]]"
gq,Equatorial Guinea,/kaggle/input/flags-codes/gq.jpg,1.5023474178403755,"[[250.58289813 250.69371593 250.59822095]
 [ 44.52777032 142.61779718  59.58280725]
 [226.79007397  34.03402529  24.03178239]]"
gt,Guatemala,/kaggle/input/flags-codes/gt.jpg,1.6,"[[ 73.71021932 151.35977601 208.10405973]
 [253.73092125 253.59116246 251.7479477 ]
 [118.51635846 137.47297297  77.64224751]]"
gu,Guam,/kaggle/input/flags-codes/gu.jpg,1.8604651162790697,"[[  0.29124167  42.3955075  123.3871889 ]
 [190.93415166  35.01238958  59.23666399]
 [158.95736961 212.67165533 221.70702948]]"
gw,Guinea-Bissau,/kaggle/input/flags-codes/gw.jpg,2.0,"[[2.52000000e+02 2.09000000e+02 2.20000000e+01]
 [4.21585160e-02 1.51338954e+02 6.99224283e+01]
 [2.05050580e+02 1.74657911e+01 3.78874160e+01]]"
gy,Guyana,/kaggle/input/flags-codes/gy.jpg,1.6666666666666667,"[[ 39.73476384 138.01028498  99.57072454]
 [253.57667752 209.11570033  75.87198697]
 [186.53371582  30.26369123  44.0162432 ]]"
hn,Honduras,/kaggle/input/flags-codes/hn.jpg,2.0,"[[1.30719716e-01 1.88033670e+02 2.28013864e+02]
 [2.54920079e+02 2.54980020e+02 2.54994291e+02]
 [1.85420772e+02 2.36560586e+02 2.47512650e+02]]"
hr,Croatia,/kaggle/input/flags-codes/hr.jpg,2.0,"[[254.29948718   2.69720798   1.80962963]
 [253.04412037 249.50281159 250.43187295]
 [ 23.08919677  27.56300452 151.75468025]]"
ht,Haiti,/kaggle/input/flags-codes/ht.jpg,1.6666666666666667,"[[209.21931062  17.91950548  52.0632265 ]
 [  0.99010297  33.72658203 157.06461395]
 [240.26786787 240.60900901 238.85885886]]"
hu,Hungary,/kaggle/input/flags-codes/hu.jpg,2.0,"[[206.          41.          57.        ]
 [253.92592593 253.33333333 253.25925926]
 [ 71.         112.          80.        ]]"
id,Indonesia,/kaggle/input/flags-codes/id.jpg,1.5023474178403755,"[[2.55000000e+02 1.61008984e-11 1.61008984e-11]
 [2.55000000e+02 2.55000000e+02 2.55000000e+02]
 [2.55000000e+02 1.27000000e+02 1.27000000e+02]]"
ie,Ireland,/kaggle/input/flags-codes/ie.jpg,2.0,"[[255.         255.         255.        ]
 [ 22.71962617 155.30841121  98.48598131]
 [255.         136.36448598  62.58878505]]"
il,Israel,/kaggle/input/flags-codes/il.jpg,1.3733905579399142,"[[  0.54396932  56.42442953 184.14665388]
 [254.97442128 254.97953703 254.99232638]
 [186.23169955 201.27816677 235.70973902]]"
im,Isle of Man,/kaggle/input/flags-codes/im.jpg,2.0,"[[206.55054931  20.0130848   42.93377361]
 [246.18340611 246.18340611 246.15346226]
 [144.66094854 128.46619576  85.59233098]]"
in,India,/kaggle/input/flags-codes/in.jpg,1.5023474178403755,"[[241.          91.          37.        ]
 [  3.90560204 102.24436292  56.51238716]
 [252.93810491 252.93810491 253.58396676]]"
iq,Iraq,/kaggle/input/flags-codes/iq.jpg,1.5023474178403755,"[[2.04732063e+02 1.73627821e+01 3.72228857e+01]
 [2.52823652e+02 2.53872776e+02 2.53348639e+02]
 [2.18681546e-01 7.58177309e+00 3.83777640e+00]]"
ir,"Iran, Islamic Republic of",/kaggle/input/flags-codes/ir.jpg,1.7486338797814207,"[[218.58431224   4.09419152   4.09419152]
 [250.98241071 249.47924107 247.971875  ]
 [ 37.38288008 160.04217787  66.07751456]]"
it,Italy,/kaggle/input/flags-codes/it.jpg,1.5023474178403755,"[[255.         255.         255.        ]
 [206.14953271  43.64485981  55.60747664]
 [  0.79439252 146.3364486   70.57009346]]"
je,Jersey,/kaggle/input/flags-codes/je.jpg,1.6666666666666667,"[[254.82344441 254.25054186 254.2560056 ]
 [207.04959837  22.05049088  44.11864083]
 [239.28112175 182.02257182  33.91039672]]"
jm,Jamaica,/kaggle/input/flags-codes/jm.jpg,2.0,"[[2.52922011e+02 1.83013506e+02 2.80464368e+01]
 [7.84615385e-01 1.19200000e+02 7.28615385e+01]
 [9.53846154e-01 6.76923077e-01 9.23076923e-02]]"
jo,Jordan,/kaggle/input/flags-codes/jo.jpg,2.0,"[[1.91011236e-01 6.09569288e+01 3.05056180e+01]
 [2.52255855e+02 2.52486542e+02 2.52218540e+02]
 [2.05656461e+02 1.75610375e+01 3.84089791e+01]]"
jp,Japan,/kaggle/input/flags-codes/jp.jpg,1.5023474178403755,"[[254.9893484  254.96054562 254.96659602]
 [188.08592465   0.32912979  45.26913135]
 [226.17368421 144.30526316 163.47894737]]"
ke,Kenya,/kaggle/input/flags-codes/ke.jpg,1.5023474178403755,"[[4.65951504e-01 4.99914724e+01 2.46879403e-01]
 [2.50364738e+02 2.40788114e+02 2.40788114e+02]
 [1.86725763e+02 3.81227006e-01 3.60047728e-01]]"
kg,Kyrgyzstan,/kaggle/input/flags-codes/kg.jpg,1.6666666666666667,"[[255.           0.42956777   0.        ]
 [255.         246.37343298   0.        ]
 [255.         115.74654042   0.        ]]"
kh,Cambodia,/kaggle/input/flags-codes/kh.jpg,1.5609756097560976,"[[  5.85715137  47.60355259 159.49116323]
 [221.33116908   0.72568042  37.85081726]
 [213.79535637 213.23578114 213.31191505]]"
ki,Kiribati,/kaggle/input/flags-codes/ki.jpg,2.0,"[[250.99936679 250.8386101  251.56680386]
 [203.70909707  39.92250367  13.95411946]
 [ 27.85404685  51.46636659 114.39801617]]"
km,Comoros,/kaggle/input/flags-codes/km.jpg,1.6666666666666667,"[[  1.11405677 105.52677301 111.96364113]
 [248.18485059 143.18624044  26.676164  ]
 [253.54081981 254.40187874 253.86618275]]"
kn,Saint Kitts and Nevis,/kaggle/input/flags-codes/kn.jpg,1.5023474178403755,"[[199.30910414  17.1758956   45.7818853 ]
 [  0.5913546   73.59894096  27.77635498]
 [251.28457392 212.18256272  51.9913954 ]]"
kp,"Korea, Democratic People's Republic of",/kaggle/input/flags-codes/kp.jpg,2.0,"[[254.85315228 252.94354995 253.04869059]
 [237.08680688  29.0311142   39.95946463]
 [  5.11111111  81.18518519 163.14814815]]"
kr,"Korea, Republic of",/kaggle/input/flags-codes/kr.jpg,1.5023474178403755,"[[254.4590381  254.42006229 254.46000783]
 [  3.03717856  35.15522049  75.68274295]
 [197.87597857  53.30428513  64.71384425]]"
kw,Kuwait,/kaggle/input/flags-codes/kw.jpg,2.0,"[[6.81147646e-02 7.74756489e+01 3.87464831e+01]
 [2.53148148e+02 2.52703704e+02 2.52462963e+02]
 [2.05865212e+02 1.69877466e+01 3.79737427e+01]]"
ky,Cayman Islands,/kaggle/input/flags-codes/ky.jpg,2.0,"[[243.47645429 240.329486   229.13819637]
 [  2.7381715   35.7166888  105.25471968]
 [194.62295602  35.25194475  51.5199238 ]]"
kz,Kazakhstan,/kaggle/input/flags-codes/kz.jpg,2.0,"[[  0.40355754 171.10244771 193.75661881]
 [243.50682814 233.12548312  51.56737954]
 [111.19905956 199.6645768  128.84247649]]"
la,Laos (Lao People's Democratic Republic),/kaggle/input/flags-codes/la.jpg,1.5023474178403755,"[[206.          17.          38.        ]
 [  1.35850576  40.02807828 103.75685327]
 [253.15747754 253.44565792 253.91104457]]"
lb,Lebanon,/kaggle/input/flags-codes/lb.jpg,1.5023474178403755,"[[237.          28.          36.        ]
 [253.86533009 253.41852302 253.11252869]
 [  4.50997398 167.54011275  84.04011275]]"
lc,Saint Lucia,/kaggle/input/flags-codes/lc.jpg,2.0,"[[107.29164756 205.64742876 254.82203297]
 [250.98385269 208.29405099  22.66770538]
 [  4.56533333   4.21546667   2.82773333]]"
li,Liechtenstein,/kaggle/input/flags-codes/li.jpg,1.6666666666666667,"[[205.17709174  17.56524688  37.92004392]
 [  0.59610605  42.54045844 124.31759183]
 [212.489701   179.74750831  50.24053156]]"
lr,Liberia,/kaggle/input/flags-codes/lr.jpg,1.9047619047619047,"[[253.06021236 248.73735325 249.7815953 ]
 [191.35902901  11.3916716   49.16944938]
 [  2.07152368  41.         104.56458056]]"
ls,Lesotho,/kaggle/input/flags-codes/ls.jpg,1.5023474178403755,"[[  0.47160494  18.53156966 124.18236332]
 [254.54856086 254.54856086 254.54856086]
 [  0.69661231 153.76980198  68.28737138]]"
lt,Lithuania,/kaggle/input/flags-codes/lt.jpg,1.6666666666666667,"[[ 1.93000000e+02  3.90000000e+01  4.50000000e+01]
 [-1.34718903e-11  1.06000000e+02  6.80000000e+01]
 [ 2.53000000e+02  1.85000000e+02  1.90000000e+01]]"
lu,Luxembourg,/kaggle/input/flags-codes/lu.jpg,1.6666666666666667,"[[  0. 161. 222.]
 [237.  41.  57.]
 [255. 255. 255.]]"
lv,Latvia,/kaggle/input/flags-codes/lv.jpg,2.0,"[[157.  34.  53.]
 [255. 255. 255.]
 [157.  34.  53.]]"
ly,Libya,/kaggle/input/flags-codes/ly.jpg,2.0,"[[1.06228720e-01 1.06228720e-01 1.06228720e-01]
 [4.43472274e+01 1.61533681e+02 7.76929661e+01]
 [2.31000000e+02 1.04662945e-11 1.90000000e+01]]"
ma,Morocco,/kaggle/input/flags-codes/ma.jpg,1.5023474178403755,"[[192.97379913  39.00727802  45.        ]
 [  3.56357032  97.1229891   50.86507525]
 [111.41281139  63.07829181  46.6797153 ]]"
mc,Monaco,/kaggle/input/flags-codes/mc.jpg,1.25,"[[206.  17.  38.]
 [255. 255. 255.]
 [255. 255. 255.]]"
md,"Moldova, Republic of",/kaggle/input/flags-codes/md.jpg,2.0,"[[2.53884109e+02 2.09061789e+02 4.40536496e-13]
 [1.16078279e+00 6.86526380e+01 1.68032023e+02]
 [1.94652594e+02 1.82868465e+01 4.70863181e+01]]"
me,Montenegro,/kaggle/input/flags-codes/me.jpg,2.0,"[[226.97714726   6.69456926  18.96970086]
 [231.55246125 172.34840743  37.11463124]
 [ 56.94346979 109.60233918 103.68421053]]"
mf,Saint Martin,/kaggle/input/flags-codes/mf.jpg,1.5023474178403755,"[[255.         255.         255.        ]
 [  0.78504673  35.6728972  149.3271028 ]
 [237.05607477  41.6635514   57.61682243]]"
mg,Madagascar,/kaggle/input/flags-codes/mg.jpg,1.5023474178403755,"[[2.50822430e+02 6.12990654e+01 5.00373832e+01]
 [1.29602995e-11 1.26000000e+02 5.80000000e+01]
 [2.54605678e+02 2.54500461e+02 2.54378570e+02]]"
mh,Marshall Islands,/kaggle/input/flags-codes/mh.jpg,1.9047619047619047,"[[  1.44996657  56.98380507 147.30505411]
 [250.09317092 250.50926526 251.56045095]
 [219.98021201 117.54328622   2.50229682]]"
mk,North Macedonia,/kaggle/input/flags-codes/mk.jpg,2.0,"[[216.05866558  33.31854533  38.00630436]
 [247.80545545 231.78234125  45.92164782]
 [231.38388626 125.66113744  40.76777251]]"
ml,Mali,/kaggle/input/flags-codes/ml.jpg,1.5023474178403755,"[[252.         209.          22.        ]
 [ 20.72897196 181.09345794  57.87850467]
 [206.14018692  17.59813084  37.94392523]]"
mm,Myanmar,/kaggle/input/flags-codes/mm.jpg,1.5023474178403755,"[[244.21736046 123.29816692  28.02224409]
 [ 52.6178246  178.24498861  51.6178246 ]
 [254.33738954 253.93510068 253.28943937]]"
mn,Mongolia,/kaggle/input/flags-codes/mn.jpg,2.0,"[[-1.58024704e-11  1.02000000e+02  1.78000000e+02]
 [ 2.17324756e+02  3.26055604e+01  4.93321358e+01]
 [ 2.53732576e+02  2.04260544e+02  1.72749028e+00]]"
mr,Mauritania,/kaggle/input/flags-codes/mr.jpg,1.5023474178403755,"[[  2.11796531 167.87710179  91.33899114]
 [208.          28.          31.        ]
 [249.99244544 214.08897594   1.77979855]]"
ms,Montserrat,/kaggle/input/flags-codes/ms.jpg,2.0,"[[245.07038835 243.84466019 245.0881877 ]
 [  2.07454318  43.12758448 111.67914894]
 [188.93260387  29.76324136  39.8549001 ]]"
mt,Malta,/kaggle/input/flags-codes/mt.jpg,1.5023474178403755,"[[206.98290873  20.11700947  43.09895407]
 [254.86420722 254.86082599 254.86082599]
 [188.23143564 167.57673267 170.11633663]]"
mu,Mauritius,/kaggle/input/flags-codes/mu.jpg,1.5023474178403755,"[[253.79245283 212.75471698   0.37735849]
 [ 13.5         98.51886792  94.87735849]
 [232.25925926  41.51851852  56.94444444]]"
mv,Maldives,/kaggle/input/flags-codes/mv.jpg,1.5023474178403755,"[[210.          16.          52.        ]
 [  1.90586842 125.20963186  58.10237835]
 [246.08842105 250.47578947 248.04631579]]"
mw,Malawi,/kaggle/input/flags-codes/mw.jpg,1.5023474178403755,"[[2.04626071e+02 1.68604326e+01 3.77349466e+01]
 [5.10000000e+01 1.57993750e+02 5.29937500e+01]
 [1.66307847e+00 1.18568941e-01 2.76660862e-01]]"
mx,Mexico,/kaggle/input/flags-codes/mx.jpg,1.7486338797814207,"[[  4.40171148 104.19477804  72.13779355]
 [203.66599713  24.26504065  40.67063606]
 [252.83480653 252.68617924 251.43651583]]"
my,Malaysia,/kaggle/input/flags-codes/my.jpg,2.0,"[[208.91000048  27.56664582   9.50767233]
 [  1.93028219   0.51221247 101.09888546]
 [254.53153153 252.69369369 252.69369369]]"
mz,Mozambique,/kaggle/input/flags-codes/mz.jpg,1.5023474178403755,"[[  1.57417566  64.19095508  59.09188151]
 [250.41610651 227.91794961  38.3564335 ]
 [208.70253113  17.48213559  52.14364776]]"
na,Namibia,/kaggle/input/flags-codes/na.jpg,1.5023474178403755,"[[  0.95319659 103.8143217   96.19057215]
 [213.41015681  33.8058313   48.35654342]
 [251.77036642 249.94308075 250.56207755]]"
ne,Niger,/kaggle/input/flags-codes/ne.jpg,1.167883211678832,"[[224.0203816   82.10921461   6.15882266]
 [ 13.         176.          43.        ]
 [253.78949707 253.65445365 252.64302161]]"
nf,Norfolk Island,/kaggle/input/flags-codes/nf.jpg,2.0,"[[254.32223973 254.64986215 254.45739793]
 [  0.64217069 121.32971744  52.4995684 ]
 [142.88778878 196.01980198 165.58828383]]"
ng,Nigeria,/kaggle/input/flags-codes/ng.jpg,2.0,"[[255. 255. 255.]
 [  0. 135.  81.]
 [ 85. 175. 139.]]"
ni,Nicaragua,/kaggle/input/flags-codes/ni.jpg,1.6666666666666667,"[[2.53867350e+02 2.54538512e+02 2.54462603e+02]
 [1.90524906e-01 1.03055730e+02 1.97985532e+02]
 [1.95325301e+02 1.99313253e+02 9.92259036e+01]]"
no,Norway,/kaggle/input/flags-codes/no.jpg,1.3733905579399142,"[[  0.29534088  32.25506712  91.1879442 ]
 [186.11832061  12.41984733  47.35877863]
 [253.12594367 250.13218641 250.90360046]]"
np,Nepal,/kaggle/input/flags-codes/np.jpg,0.8205128205128205,"[[ 54.07020995  97.54354195  93.61052072]
 [219.58686909  20.86396181  60.85244851]
 [254.69396813 252.77244301 253.17671979]]"
nr,Nauru,/kaggle/input/flags-codes/nr.jpg,2.0,"[[  1.18270327  33.15939391 105.10797298]
 [245.85714286 193.          46.14285714]
 [244.36738351 245.71415771 248.74103943]]"
nu,Niue,/kaggle/input/flags-codes/nu.jpg,2.0,"[[2.52013577e+02 2.50242978e+02 2.51277388e+02]
 [2.53934290e+02 2.20794385e+02 4.83315337e-02]
 [1.03445205e+02 3.06037360e+01 7.95306351e+01]]"
nz,New Zealand,/kaggle/input/flags-codes/nz.jpg,2.0,"[[249.68650032 247.62955854 249.38558328]
 [  1.84771254  33.73718445 105.50338524]
 [201.11328807  20.65800194  50.11154219]]"
om,Oman,/kaggle/input/flags-codes/om.jpg,2.0,"[[ 2.54696362e+02  2.52778869e+02  2.52810507e+02]
 [ 2.22450717e+02  2.73848029e+01  3.61010753e+01]
 [-1.73656645e-11  1.26000000e+02  6.00000000e+01]]"
pa,Panama,/kaggle/input/flags-codes/pa.jpg,1.5023474178403755,"[[254.8585204  254.75342037 254.78541686]
 [  8.41548829  36.25408749  87.95581087]
 [218.24156776  19.57162572  27.51780293]]"
pe,Peru,/kaggle/input/flags-codes/pe.jpg,1.5023474178403755,"[[255. 255. 255.]
 [217.  16.  35.]
 [229.  95. 108.]]"
pf,French Polynesia,/kaggle/input/flags-codes/pf.jpg,1.5023474178403755,"[[253.52926396 251.89245871 251.61392341]
 [206.51023766  23.18292913  37.34840433]
 [ 20.93397746  71.09500805 161.26731079]]"
pg,Papua New Guinea,/kaggle/input/flags-codes/pg.jpg,1.3333333333333333,"[[205.66352412  17.83745366  38.07565453]
 [  0.56102691   0.32832641   0.34965752]
 [250.11471504 215.04617922  72.83947224]]"
ph,Philippines,/kaggle/input/flags-codes/ph.jpg,2.0,"[[  0.30873486  56.24012158 168.10703074]
 [209.10256888  29.97659159  37.12439501]
 [254.44052681 252.35279477 244.61899824]]"
pk,Pakistan,/kaggle/input/flags-codes/pk.jpg,1.5023474178403755,"[[  1.11114679  65.08336009  28.09851647]
 [254.70736306 254.78005091 254.73743754]
 [124.32188841 157.75965665 138.63090129]]"
pl,Poland,/kaggle/input/flags-codes/pl.jpg,1.6,"[[220.  20.  60.]
 [255. 255. 255.]
 [220.  20.  60.]]"
pn,Pitcairn,/kaggle/input/flags-codes/pn.jpg,2.0,"[[251.69366278 250.02836879 250.99245024]
 [  5.2753845   40.3733772  102.44864437]
 [199.75675676  79.56061401  47.80097087]]"
pr,Puerto Rico,/kaggle/input/flags-codes/pr.jpg,1.5023474178403755,"[[253.97078297 254.29537572 254.94088282]
 [237.89645697   2.80726708   2.99608845]
 [  0.81111233  80.22763245 239.70707848]]"
ps,Palestine,/kaggle/input/flags-codes/ps.jpg,2.0,"[[1.46152317e-01 7.49814410e+01 2.85162391e+01]
 [2.51631065e+02 2.52467814e+02 2.51880144e+02]
 [2.36448219e+02 4.63193533e+01 5.61753749e+01]]"
pt,Portugal,/kaggle/input/flags-codes/pt.jpg,1.5023474178403755,"[[2.53926142e+02 6.31993029e-01 1.56172317e-01]
 [1.19210076e+00 1.01482629e+02 1.95508195e+00]
 [2.15690043e+02 2.09771213e+02 7.08326230e+01]]"
pw,Palau,/kaggle/input/flags-codes/pw.jpg,1.6,"[[2.18152079e-02 1.53009148e+02 2.54977481e+02]
 [2.54624366e+02 2.54854232e+02 3.70027587e-01]
 [1.11535135e+02 1.97821622e+02 1.43464865e+02]]"
py,Paraguay,/kaggle/input/flags-codes/py.jpg,1.8181818181818181,"[[212.87256088  44.74601588  31.61131857]
 [  2.55408629  57.79153703 166.57819954]
 [253.47528158 253.53553792 253.45663874]]"
qa,Qatar,/kaggle/input/flags-codes/qa.jpg,2.5396825396825395,"[[138.04097819  21.08195638  56.07138136]
 [254.82657343 254.66013986 254.7048951 ]
 [191.66666667 127.75       146.83333333]]"
re,Réunion,/kaggle/input/flags-codes/re.jpg,1.5023474178403755,"[[ 52.04285779 102.6009831  253.70751597]
 [254.33534513   0.32626274   0.82872378]
 [249.85161197 251.12665515   6.47294185]]"
ro,Romania,/kaggle/input/flags-codes/ro.jpg,1.5023474178403755,"[[252.         209.          22.        ]
 [  0.78504673  43.51401869 126.6635514 ]
 [206.14018692  17.58878505  37.94392523]]"
ru,Russian Federation,/kaggle/input/flags-codes/ru.jpg,1.5023474178403755,"[[255. 255. 255.]
 [213.  43.  30.]
 [  0.  57. 166.]]"
rw,Rwanda,/kaggle/input/flags-codes/rw.jpg,1.5023474178403755,"[[  0.68121378 163.07901799 223.34955779]
 [247.03098434 208.36319911   2.17253915]
 [ 34.72727273  98.63636364  62.48484848]]"
sa,Saudi Arabia,/kaggle/input/flags-codes/sa.jpg,1.5023474178403755,"[[  0.26056426  84.17629986  48.21019287]
 [239.51252763 244.60058954 242.41120118]
 [102.92804699 153.02202643 131.64904552]]"
sb,Solomon Islands,/kaggle/input/flags-codes/sb.jpg,2.0,"[[  1.13131173  81.69754454 185.89171975]
 [ 33.38201177  91.20420706  50.94728186]
 [247.73950233 216.33872473  74.60870918]]"
sc,Seychelles,/kaggle/input/flags-codes/sc.jpg,2.0,"[[253.30258777 230.64851919 159.38442666]
 [  0.65103156  84.75924293  79.79151237]
 [209.98588001  39.93104054  48.3950082 ]]"
sd,Sudan,/kaggle/input/flags-codes/sd.jpg,2.0,"[[2.09867767e+02 1.60603168e+01 5.19907205e+01]
 [2.53329864e+02 2.52438110e+02 2.52564932e+02]
 [2.05647039e-01 4.12094569e+01 1.49116539e+01]]"
se,Sweden,/kaggle/input/flags-codes/se.jpg,1.6,"[[ 2.54000000e+02  2.04000000e+02 -1.12123644e-11]
 [ 1.29176669e-11  1.06000000e+02  1.67000000e+02]
 [ 0.00000000e+00  1.06000000e+02  1.67000000e+02]]"
sg,Singapore,/kaggle/input/flags-codes/sg.jpg,1.5023474178403755,"[[237.01683153  41.17585178  57.16395038]
 [254.98809357 254.83331004 254.84918528]
 [246.16977612 148.18470149 156.26119403]]"
sh,"Saint Helena, Ascension and Tristan da Cunha",/kaggle/input/flags-codes/sh.jpg,2.0,"[[246.45250577 246.30257916 246.52421891]
 [  2.68915951  35.54826313 105.98827111]
 [194.6021387   52.4274257   61.81773864]]"
sk,Slovakia,/kaggle/input/flags-codes/sk.jpg,1.5023474178403755,"[[254.55638091 253.94437487 254.10563593]
 [237.96860382  28.7104367   37.71530143]
 [ 11.37091128  78.17749699 162.05201838]]"
sl,Sierra Leone,/kaggle/input/flags-codes/sl.jpg,1.5023474178403755,"[[ 30. 181.  58.]
 [255. 255. 255.]
 [  0. 114. 198.]]"
sn,Senegal,/kaggle/input/flags-codes/sn.jpg,1.5023474178403755,"[[252.57098999 238.82047043  65.98814472]
 [  0.98917221 133.4191842   63.01037319]
 [227.07476636  27.6635514   35.09345794]]"
so,Somalia,/kaggle/input/flags-codes/so.jpg,1.5023474178403755,"[[ 65.01880791 137.01175494 221.00391831]
 [254.19082377 254.51616267 254.86930831]
 [135.79411765 181.46568627 234.63235294]]"
sr,Suriname,/kaggle/input/flags-codes/sr.jpg,1.5023474178403755,"[[254.61904762 253.80952381 253.95238095]
 [ 68.62162621 131.96621966  62.44067221]
 [180.23122897  10.79422125  44.92250148]]"
ss,South Sudan,/kaggle/input/flags-codes/ss.jpg,2.0,"[[  4.65601377  69.38062271  25.14265399]
 [118.24708491 199.52535947 227.64282137]
 [220.44975712  35.85141442  27.70882941]]"
st,Sao Tome and Principe,/kaggle/input/flags-codes/st.jpg,2.0,"[[ 2.54642643e+02  2.08702808e+02 -5.67013103e-12]
 [ 1.60433717e+00  1.42842329e+02  5.34263614e+01]
 [ 2.36614937e+02  5.30345883e+01  6.30955005e+01]]"
sv,El Salvador,/kaggle/input/flags-codes/sv.jpg,1.7679558011049723,"[[2.27740168e-01 7.11442044e+01 1.71015994e+02]
 [2.52005385e+02 2.52062466e+02 2.50992515e+02]
 [7.05169753e+01 1.48662037e+02 5.65416667e+01]]"
sy,Syrian Arab Republic,/kaggle/input/flags-codes/sy.jpg,1.5023474178403755,"[[206.          17.          38.        ]
 [254.23340708 254.59763371 254.41313967]
 [  0.41362382   9.7600211    5.08682246]]"
sz,Kingdom of Eswatini,/kaggle/input/flags-codes/sz.jpg,1.5023474178403755,"[[248.55958084 235.48173653 133.97275449]
 [154.21823095   4.10769231   4.57312196]
 [121.145868   161.75115548 201.50711777]]"
tc,Turks and Caicos Islands,/kaggle/input/flags-codes/tc.jpg,2.0,"[[250.69989507 246.91395593 247.85498426]
 [  0.95254246  41.64760035 104.05207324]
 [214.36892397  74.92521811  37.01371001]]"
td,Chad,/kaggle/input/flags-codes/td.jpg,1.5023474178403755,"[[2.54000000e+02 2.03000000e+02 5.20117283e-12]
 [8.03738318e-01 3.85140187e+01 9.96822430e+01]
 [1.98177570e+02 1.25981308e+01 4.78504673e+01]]"
tg,Togo,/kaggle/input/flags-codes/tg.jpg,1.6161616161616161,"[[  0.90722522 106.36856025  77.73066751]
 [252.00057992 208.02573939  18.62474907]
 [209.85465671  17.56921488  52.48442467]]"
th,Thailand,/kaggle/input/flags-codes/th.jpg,1.5023474178403755,"[[244.         245.         248.        ]
 [ 45.          42.          74.        ]
 [166.08333333  28.05555556  51.75      ]]"
tj,Tajikistan,/kaggle/input/flags-codes/tj.jpg,2.0,"[[254.93754134 254.39176037 252.36379099]
 [  1.39130435 102.84782609   1.39130435]
 [205.97832049   8.93979365   1.45370249]]"
tk,Tokelau,/kaggle/input/flags-codes/tk.jpg,2.0,"[[  1.84268835  33.60013098 104.73121947]
 [252.06039464 206.96610289   1.19119098]
 [221.93663912 226.00550964 235.22589532]]"
tl,Timor-Leste,/kaggle/input/flags-codes/tl.jpg,2.0,"[[217.90985418  41.3093499   28.04881599]
 [  1.42361021   1.19800441   0.59712323]
 [252.89604948 205.00458899  76.18735036]]"
tm,Turkmenistan,/kaggle/input/flags-codes/tm.jpg,1.5023474178403755,"[[192.88162033  54.45100013  49.31513398]
 [  0.84134573 131.6305391   61.08569018]
 [228.81355422 196.73945783 113.99518072]]"
tn,Tunisia,/kaggle/input/flags-codes/tn.jpg,1.5023474178403755,"[[2.31007931e+02 7.13751747e-02 1.90674099e+01]
 [2.54878218e+02 2.53563224e+02 2.53642696e+02]
 [2.41751220e+02 1.11202439e+02 1.21434146e+02]]"
to,Tonga,/kaggle/input/flags-codes/to.jpg,2.0,"[[2.54854167e+02 2.54409722e+02 2.54409722e+02]
 [1.93000000e+02 5.92592642e-12 5.92592642e-12]
 [2.13000000e+02 8.40000000e+01 8.40000000e+01]]"
tr,Republic of Türkiye,/kaggle/input/flags-codes/tr.jpg,1.5023474178403755,"[[227.00807878  10.06463027  23.06059088]
 [254.76330184 252.87270015 252.99030333]
 [239.70037453 116.48689139 124.        ]]"
tt,Trinidad and Tobago,/kaggle/input/flags-codes/tt.jpg,1.6666666666666667,"[[217.84957285  26.51136337  53.41928613]
 [  0.7784998    0.7784998    0.7784998 ]
 [252.13824    249.99584    250.29888   ]]"
tv,Tuvalu,/kaggle/input/flags-codes/tv.jpg,2.0,"[[251.94785847 250.22625698 251.23184358]
 [  1.26401537 145.38032983 211.19113795]
 [212.55693976  77.78147442  37.81899458]]"
tz,"Tanzania, United Republic of",/kaggle/input/flags-codes/tz.jpg,1.5023474178403755,"[[1.53469248e+01 1.72048737e+02 1.39422053e+02]
 [8.65714846e-01 7.19556471e-01 6.03964282e-02]
 [2.47213651e+02 2.06622095e+02 2.25327899e+01]]"
ua,Ukraine,/kaggle/input/flags-codes/ua.jpg,1.5023474178403755,"[[-1.61008984e-11  9.10000000e+01  1.87000000e+02]
 [ 2.55000000e+02  2.13000000e+02  1.91420213e-11]
 [ 1.28000000e+02  1.52000000e+02  9.30000000e+01]]"
ug,Uganda,/kaggle/input/flags-codes/ug.jpg,1.5023474178403755,"[[251.26476304 222.61280984  30.53825104]
 [  0.49407751   0.48488581   0.47147731]
 [214.2051376    3.67553459   0.48637758]]"
us,United States,/kaggle/input/flags-codes/us.jpg,1.9047619047619047,"[[ 65.29721484  63.84755437 113.47495325]
 [250.57717844 245.95508036 247.08086451]
 [178.4683364   35.32670037  53.20905331]]"
uy,Uruguay,/kaggle/input/flags-codes/uy.jpg,1.5023474178403755,"[[253.05021428 253.37040157 254.08043699]
 [  1.36170213  57.06382979 168.46808511]
 [180.5199637  129.20235935  18.4600726 ]]"
uz,Uzbekistan,/kaggle/input/flags-codes/uz.jpg,2.0,"[[ 46.84210526 165.01754386  56.59649123]
 [253.40634141 250.28302328 250.76535627]
 [  0.74561956 153.29295349 181.21795033]]"
va,Holy See (Vatican City State),/kaggle/input/flags-codes/va.jpg,1.0,"[[254.59347046 240.6845194    0.64533835]
 [253.10985953 253.06606149 252.94454015]
 [161.99776336 121.536569    79.93312458]]"
vc,Saint Vincent and the Grenadines,/kaggle/input/flags-codes/vc.jpg,1.5023474178403755,"[[2.51502154e+02 2.07831881e+02 3.40054760e+01]
 [1.25000000e-02 3.80000000e+01 1.15987500e+02]
 [5.42345662e-01 1.24174484e+02 4.59665580e+01]]"
ve,"Venezuela, Bolivarian Republic of",/kaggle/input/flags-codes/ve.jpg,1.5023474178403755,"[[254.60924782 205.28063073   7.90892819]
 [  0.98129693  36.83654152 125.49774744]
 [207.          20.          43.        ]]"
vg,"Virgin Islands, British",/kaggle/input/flags-codes/vg.jpg,2.0,"[[245.18324701 243.22253974 244.30255403]
 [  2.66187771  38.58217893 100.41620191]
 [196.63673042  55.74880454  48.49058577]]"
vi,"Virgin Islands, U.S.",/kaggle/input/flags-codes/vi.jpg,1.5023474178403755,"[[254.30323878 254.30323878 254.29786198]
 [ 62.67974977  78.18403794  92.84814852]
 [230.48732855 187.62249069  63.70415115]]"
vn,Vietnam,/kaggle/input/flags-codes/vn.jpg,1.5023474178403755,"[[2.18003865e+02 3.70236660e+01 2.89954877e+01]
 [2.54881766e+02 2.54243789e+02 7.54214729e-02]
 [2.32155556e+02 1.17762963e+02 1.75888889e+01]]"
vu,Vanuatu,/kaggle/input/flags-codes/vu.jpg,1.6666666666666667,"[[9.00968189e-12 1.48538066e+02 6.67854285e+01]
 [2.18478222e+02 6.23494205e+01 4.31229680e+01]
 [1.88206030e+00 1.34271674e+00 2.10580598e-01]]"
ws,Samoa,/kaggle/input/flags-codes/ws.jpg,2.0,"[[  0.66986112  43.55201819 127.33712337]
 [206.          17.          38.        ]
 [231.52772074 235.45790554 243.19507187]]"
ye,Yemen,/kaggle/input/flags-codes/ye.jpg,1.5023474178403755,"[[ 2.06000000e+02  1.70000000e+01  3.80000000e+01]
 [ 2.55000000e+02  2.55000000e+02  2.55000000e+02]
 [ 5.51381163e-12 -1.12265752e-11 -1.37703182e-11]]"
za,South Africa,/kaggle/input/flags-codes/za.jpg,1.5023474178403755,"[[253.40422946 253.85634419 253.74234322]
 [  1.0013168   68.04558514  84.87619709]
 [229.38741467  85.49394407  44.94164281]]"
zm,Zambia,/kaggle/input/flags-codes/zm.jpg,1.5023474178403755,"[[2.53938301e+01 1.37661421e+02 1.10540551e-02]
 [2.25695106e+02 8.17397754e+01 6.93496480e+00]
 [6.57894737e-01 3.42105263e-01 2.68673972e-14]]"
zw,Zimbabwe,/kaggle/input/flags-codes/zw.jpg,2.0,"[[5.01980645e+00 7.02036805e+01 3.74968661e-01]
 [2.53412882e+02 2.52473151e+02 2.52444444e+02]
 [2.33554525e+02 1.10913255e+02 2.22552051e-01]]"
